insert into chucuahang
values
(N'Trần Thị Thanh Mai','0327409216',N'TP. HCM','001302016300'),
(N'Trần Thị Thùy Trang','0984382697',N'Hà Nội','034302005643'),
(N'Trần Trung Kiên','0776499168',N'Thanh Hóa','036202001129'),
(N'Trần Tuấn Trường','0834118301',N'Nghệ An','036202001203'),
(N'Trần Văn Trường','0333569695',N'Bình Dương','071119292'),
(N'Trịnh Bá Tài','0386471815',N'Hải Phòng','001202023234'),
(N'Trịnh Ngọc Lực','0375228972',N'Đà Nẵng','038202018308');
insert into cuahang
values
(N'Thế giới di động',N'TP. HCM','18001060'),
(N'FPT Shop',N'TP. HCM','18006601'),
(N'CellphoneS',N'Hà Nội','02471085543'),
(N'Hoàng Hà Mobile',N'Hà Nội','091126669'),
(N'Di động Việt',N'Đà Nẵng','0981150150'),
(N'Clickbuy',N'Hà Nội','0946982468'),
(N'MobileCity',N'Hà Nội','0969120120');
insert into nhanvien
values
('nv1',N'Đỗ Văn Hảo','2002-12-31',N'Hà Nội','0478298732',1),
('nv2',N'Đỗ Việt Phương','2002-12-30',N'Hà Nội','400289328',1),
('nv3',N'Đoàn Công Minh','2002-12-29',N'Hà Nội','0928894289',1),
('nv4',N'Đoàn Minh Đức','2002-12-28',N'Hà Nội','0278478284',1),
('nv5',N'Đoàn Thị Huế','2002-12-27',N'Hà Nội','0248428782',0),
('nv6',N'Đoàn Thị Như Quỳnh','2002-12-26',N'Hà Nội','0278742878',0),
('nv7',N'Đồng Đức Thịnh','2002-12-25',N'Hà Nội','0728872422',1),
('nv8',N'Dương Quốc Phương','2002-12-24',N'Hà Nội','0042884222',1),
('nv9',N'Dương Văn Hiệp','2002-12-23',N'Hà Nội','02428487428',1),
('nv10',N'Dương Xuân Đạt','2002-12-22',N'Hà Nội','07828724872',1),
('nv11',N'Giáp Thị Huệ','2002-12-21',N'Hà Nội','07428428248',0),
('nv12',N'Hà Đức Hiếu','2002-12-20',N'Hà Nội','09724724872',1),
('nv13',N'Hà Kiều Anh','2003-02-12',N'Hải Phòng','07248724878',0),
('nv14',N'Hồ Hoàng Long','2003-02-11',N'Hải Phòng','08247247824',1),
('nv15',N'Hoàng Duy Phương','2003-02-10',N'Hải Phòng','027478248',1),
('nv16',N'Hoàng Minh Đức','2003-02-09',N'Hải Phòng','0240874287',1),
('nv17',N'Hoàng Minh Phúc','2003-02-08',N'Hải Phòng','0274764276',1),
('nv18',N'Hoàng Quốc Việt','2003-02-07',N'Hải Phòng','0447747474',1),
('nv19',N'Hoàng Thị Nguyệt','2003-02-06',N'Hải Phòng','0557577574',0),
('nv20',N'Hoàng Thị Hương Lan','2003-02-05',N'Hải Phòng','053858358',0),
('nv21',N'Hoàng Thu Hằng','2003-02-04',N'Hải Phòng','0757557722',0),
('nv22',N'Hoàng Tuấn Anh','2003-02-03',N'Hải Phòng','0598858558',1),
('nv23',N'Hoàng Văn Hưng','2003-02-02',N'Hải Phòng','0274872424',1),
('nv24',N'Hoàng Việt Cường','2003-02-01',N'Hải Phòng','074278248',1),
('nv25',N'Hoàng Xuân Lương','2000-10-15',N'Hải Dương','074288428',1),
('nv26',N'Khuất Duy Hiếu','2000-10-16',N'Hải Dương','0724872482',1),
('nv27',N'Kiều Bùi Đức Mạnh','2000-10-10',N'Hải Dương','0728742824',1),
('nv28',N'La Thị Hồng Nhung','2000-10-22',N'Hải Dương','0248247824',0),
('nv29',N'Lại Văn Thành','2000-10-11',N'Hải Dương','072472474',1),
('nv30',N'Lê Anh Dũng','2000-10-17',N'Hải Dương','072487248',1),
('nv31',N'Lê Anh Sơn','2000-10-16',N'Hải Dương','0755788754',1),
('nv32',N'Lê Chí Tuyến','2000-10-14',N'Hải Dương','07538358333',1),
('nv33',N'Lê Công Nam','2000-10-28',N'Hải Dương','0835935835',1),
('nv34',N'Lê Đức Thịnh','2000-10-29',N'Hải Dương','0743783487',1),
('nv35',N'Lê Duy Đạt','2000-10-30',N'Hải Dương','8387348348',1),
('nv36',N'Lê Mai Bình','2000-10-31',N'Hải Dương','8983784249',1),
('nv37',N'Lê Mạnh Cường','2002-05-14',N'Thanh Hóa','98234984',1),
('nv38',N'Lê Thị Thảo','1999-06-24',N'Thanh Hóa','8423487243',0),
('nv39',N'Lê Thị Diễm Quỳnh','1998-07-24',N'Thanh Hóa','823482432',0),
('nv40',N'Lê Thị Quỳnh Anh','1997-05-24',N'Thanh Hóa','2434324322',0),
('nv41',N'Lê Thị Thùy Dương','1998-05-23',N'Thanh Hóa','854539874',0),
('nv42',N'Lê Văn Dũng','1998-05-22',N'Thanh Hóa','23243342',1),
('nv43',N'Lê Xuân Tấn','1998-06-22',N'Thanh Hóa','724742374',1),
('nv44',N'Lương Thị Ánh Dương','2000-08-22',N'Thanh Hóa','32234423',0),
('nv45',N'Lương Văn Nghĩa','1999-09-22',N'Thanh Hóa','953256922',1),
('nv46',N'Lưu Thị Mai','1999-09-17',N'Thanh Hóa','92379397',0),
('nv47',N'Lưu Thị Hải','1999-09-15',N'Thanh Hóa','89235895',0),
('nv48',N'Mai Thị Lương','1997-09-11',N'Thanh Hóa','8325782',0),
('nv49',N'Mai Thu Huyền','2002-08-31',N'Nghệ An','52382538',0),
('nv50',N'Mai Văn Huy','2002-08-31',N'Nghệ An','253853298',1),
('nv51',N'Ngô Kiều Anh','2002-08-31',N'Nghệ An','259235953',0),
('nv52',N'Ngô Thị Hằng','2002-08-30',N'Nghệ An','925995292',0),
('nv53',N'Ngô Thị Nhất','2002-08-06',N'Nghệ An','2599525323',0),
('nv54',N'Ngô Tiến Thành','2002-08-06',N'Nghệ An','432894238',1),
('nv55',N'Nguyễn Anh Đức','2002-08-06',N'Nghệ An','994237432',1),
('nv56',N'Nguyễn Bá Tùng','2002-08-04',N'Nghệ An','782372437',1),
('nv57',N'Nguyễn Cảnh Hưng','2002-08-04',N'Nghệ An','724983483',1),
('nv58',N'Nguyễn Công Minh','2002-08-03',N'Nghệ An','924978934',1),
('nv59',N'Nguyễn Công Mạnh','2002-08-02',N'Nghệ An','982538253',1),
('nv60',N'Nguyễn Công Nhật Minh','2002-08-01',N'Nghệ An','982398238',1),
('nv61',N'Nguyễn Đắc Quang','2000-12-20',N'Ninh Bình','9824429243',1),
('nv62',N'Nguyễn Đắc Trường','2000-12-21',N'Ninh Bình','982438924',1),
('nv63',N'Nguyễn Đại Quốc','2000-12-22',N'Ninh Bình','042747237',1),
('nv64',N'Nguyễn Đăng Dương','2000-12-23',N'Ninh Bình','072587478',1),
('nv65',N'Nguyễn Đăng Quang','2000-12-24',N'Ninh Bình','072537838',1),
('nv66',N'Nguyễn Đình Vinh','2000-12-25',N'Ninh Bình','072384487',1),
('nv67',N'Nguyễn Doãn Hưng','2000-12-26',N'Ninh Bình','075288735',1),
('nv68',N'Nguyễn Đức Minh','2000-12-27',N'Ninh Bình','017626724',1),
('nv69',N'Nguyễn Đức Anh','2000-12-28',N'Ninh Bình','0557782781',1),
('nv70',N'Nguyễn Hà Mai','2000-12-29',N'Ninh Bình','0227387423',0),
('nv71',N'Nguyễn Hải Yến','2000-12-30',N'Ninh Bình','0742382484',0),
('nv72',N'Nguyễn Hải Phong','2000-12-31',N'Ninh Bình','027487427',1),
('nv73',N'Nguyễn Hoàng Tùng','2002-07-11',N'TP. HCM','072843874',1),
('nv74',N'Nguyễn Hồng Anh','2002-07-12',N'TP. HCM','5900208484',0),
('nv75',N'Nguyễn Hữu Huy','2002-07-13',N'TP. HCM','054853873',1),
('nv76',N'Nguyễn Khánh Linh','2002-07-14',N'TP. HCM','0577587358',0),
('nv77',N'Nguyễn Khắc Sơn','2002-07-15',N'TP. HCM','032432437',1),
('nv78',N'Nguyễn Mai Hương','2002-07-16',N'TP. HCM','95329723',0),
('nv79',N'Nguyễn Ngọc Hiếu','2002-07-17',N'TP. HCM','0024742828',1),
('nv80',N'Nguyễn Nhật Minh','2002-07-18',N'TP. HCM','0727842872',1),
('nv81',N'Nguyễn Ngọc Quý','2002-07-19',N'TP. HCM','0757557883',1),
('nv82',N'Nguyễn Thị Hằng','2002-07-20',N'TP. HCM','9825382448',0),
('nv83',N'Nguyễn Thị Huyền','2002-07-21',N'TP. HCM','04872472',0),
('nv84',N'Lê Ngọc Huyền','2002-07-22',N'TP. HCM','988243832',0);
insert into nhanvien_quyen
values
('nv1',N'Lao công'),
('nv2',N'Nhân viên bán hàng'),
('nv3',N'Nhân viên bán hàng'),
('nv4',N'Nhân viên bán hàng'),
('nv5',N'Nhân viên bảo hành'),
('nv6',N'Nhân viên bảo hành'),
('nv7',N'Thu ngân'),
('nv8',N'Bảo vệ'),
('nv9',N'Bảo vệ'),
('nv10',N'Nhân viên nhập hàng'),
('nv11',N'Nhân viên giao hàng'),
('nv12',N'Nhân viên nhập hàng'),
('nv13',N'Lao công'),
('nv14',N'Nhân viên bán hàng'),
('nv15',N'Nhân viên bán hàng'),
('nv16',N'Nhân viên bán hàng'),
('nv17',N'Nhân viên bảo hành'),
('nv18',N'Nhân viên bảo hành'),
('nv19',N'Thu ngân'),
('nv20',N'Bảo vệ'),
('nv21',N'Bảo vệ'),
('nv22',N'Nhân viên nhập hàng'),
('nv23',N'Nhân viên giao hàng'),
('nv24',N'Nhân viên nhập hàng'),
('nv25',N'Lao công'),
('nv26',N'Nhân viên bán hàng'),
('nv27',N'Nhân viên bán hàng'),
('nv28',N'Nhân viên bán hàng'),
('nv29',N'Nhân viên bảo hành'),
('nv30',N'Nhân viên bảo hành'),
('nv31',N'Thu ngân'),
('nv32',N'Bảo vệ'),
('nv33',N'Bảo vệ'),
('nv34',N'Nhân viên nhập hàng'),
('nv35',N'Nhân viên giao hàng'),
('nv36',N'Nhân viên nhập hàng'),
('nv37',N'Lao công'),
('nv38',N'Nhân viên bán hàng'),
('nv39',N'Nhân viên bán hàng'),
('nv40',N'Nhân viên bán hàng'),
('nv41',N'Nhân viên bảo hành'),
('nv42',N'Nhân viên bảo hành'),
('nv43',N'Thu ngân'),
('nv44',N'Bảo vệ'),
('nv45',N'Bảo vệ'),
('nv46',N'Nhân viên nhập hàng'),
('nv47',N'Nhân viên giao hàng'),
('nv48',N'Nhân viên nhập hàng'),
('nv49',N'Lao công'),
('nv50',N'Nhân viên bán hàng'),
('nv51',N'Nhân viên bán hàng'),
('nv52',N'Nhân viên bán hàng'),
('nv53',N'Nhân viên bảo hành'),
('nv54',N'Nhân viên bảo hành'),
('nv55',N'Thu ngân'),
('nv56',N'Bảo vệ'),
('nv57',N'Bảo vệ'),
('nv58',N'Nhân viên nhập hàng'),
('nv59',N'Nhân viên giao hàng'),
('nv60',N'Nhân viên nhập hàng'),
('nv61',N'Lao công'),
('nv62',N'Nhân viên bán hàng'),
('nv63',N'Nhân viên bán hàng'),
('nv64',N'Nhân viên bán hàng'),
('nv65',N'Nhân viên bảo hành'),
('nv66',N'Nhân viên bảo hành'),
('nv67',N'Thu ngân'),
('nv68',N'Bảo vệ'),
('nv69',N'Bảo vệ'),
('nv70',N'Nhân viên nhập hàng'),
('nv71',N'Nhân viên giao hàng'),
('nv72',N'Nhân viên nhập hàng'),
('nv73',N'Lao công'),
('nv74',N'Nhân viên bán hàng'),
('nv75',N'Nhân viên bán hàng'),
('nv76',N'Nhân viên bán hàng'),
('nv77',N'Nhân viên bảo hành'),
('nv78',N'Nhân viên bảo hành'),
('nv79',N'Thu ngân'),
('nv80',N'Bảo vệ'),
('nv81',N'Bảo vệ'),
('nv82',N'Nhân viên nhập hàng'),
('nv83',N'Nhân viên giao hàng'),
('nv84',N'Nhân viên nhập hàng');
insert into lam
values
('nv1',N'Thế giới di động','001302016300'),
('nv2',N'Thế giới di động','001302016300'),
('nv3',N'Thế giới di động','001302016300'),
('nv4',N'Thế giới di động','001302016300'),
('nv5',N'Thế giới di động','001302016300'),
('nv6',N'Thế giới di động','001302016300'),
('nv7',N'Thế giới di động','001302016300'),
('nv8',N'Thế giới di động','001302016300'),
('nv9',N'Thế giới di động','001302016300'),
('nv10',N'Thế giới di động','001302016300'),
('nv11',N'Thế giới di động','001302016300'),
('nv12',N'Thế giới di động','001302016300'),
('nv13',N'FPT Shop','034302005643'),
('nv14',N'FPT Shop','034302005643'),
('nv15',N'FPT Shop','034302005643'),
('nv16',N'FPT Shop','034302005643'),
('nv17',N'FPT Shop','034302005643'),
('nv18',N'FPT Shop','034302005643'),
('nv19',N'FPT Shop','034302005643'),
('nv20',N'FPT Shop','034302005643'),
('nv21',N'FPT Shop','034302005643'),
('nv22',N'FPT Shop','034302005643'),
('nv23',N'FPT Shop','034302005643'),
('nv24',N'FPT Shop','034302005643'),
('nv25',N'CellphoneS','036202001129'),
('nv26',N'CellphoneS','036202001129'),
('nv27',N'CellphoneS','036202001129'),
('nv28',N'CellphoneS','036202001129'),
('nv29',N'CellphoneS','036202001129'),
('nv30',N'CellphoneS','036202001129'),
('nv31',N'CellphoneS','036202001129'),
('nv32',N'CellphoneS','036202001129'),
('nv33',N'CellphoneS','036202001129'),
('nv34',N'CellphoneS','036202001129'),
('nv35',N'CellphoneS','036202001129'),
('nv36',N'CellphoneS','036202001129'),
('nv37',N'Hoàng Hà Mobile','036202001203'),
('nv38',N'Hoàng Hà Mobile','036202001203'),
('nv39',N'Hoàng Hà Mobile','036202001203'),
('nv40',N'Hoàng Hà Mobile','036202001203'),
('nv41',N'Hoàng Hà Mobile','036202001203'),
('nv42',N'Hoàng Hà Mobile','036202001203'),
('nv43',N'Hoàng Hà Mobile','036202001203'),
('nv44',N'Hoàng Hà Mobile','036202001203'),
('nv45',N'Hoàng Hà Mobile','036202001203'),
('nv46',N'Hoàng Hà Mobile','036202001203'),
('nv47',N'Hoàng Hà Mobile','036202001203'),
('nv48',N'Hoàng Hà Mobile','036202001203'),
('nv49',N'Di động Việt','071119292'),
('nv50',N'Di động Việt','071119292'),
('nv51',N'Di động Việt','071119292'),
('nv52',N'Di động Việt','071119292'),
('nv53',N'Di động Việt','071119292'),
('nv54',N'Di động Việt','071119292'),
('nv55',N'Di động Việt','071119292'),
('nv56',N'Di động Việt','071119292'),
('nv57',N'Di động Việt','071119292'),
('nv58',N'Di động Việt','071119292'),
('nv59',N'Di động Việt','071119292'),
('nv60',N'Di động Việt','071119292'),
('nv61',N'Clickbuy','001202023234'),
('nv62',N'Clickbuy','001202023234'),
('nv63',N'Clickbuy','001202023234'),
('nv64',N'Clickbuy','001202023234'),
('nv65',N'Clickbuy','001202023234'),
('nv66',N'Clickbuy','001202023234'),
('nv67',N'Clickbuy','001202023234'),
('nv68',N'Clickbuy','001202023234'),
('nv69',N'Clickbuy','001202023234'),
('nv70',N'Clickbuy','001202023234'),
('nv71',N'Clickbuy','001202023234'),
('nv72',N'Clickbuy','001202023234'),
('nv73',N'MobileCity','038202018308'),
('nv74',N'MobileCity','038202018308'),
('nv75',N'MobileCity','038202018308'),
('nv76',N'MobileCity','038202018308'),
('nv77',N'MobileCity','038202018308'),
('nv78',N'MobileCity','038202018308'),
('nv79',N'MobileCity','038202018308'),
('nv80',N'MobileCity','038202018308'),
('nv81',N'MobileCity','038202018308'),
('nv82',N'MobileCity','038202018308'),
('nv83',N'MobileCity','038202018308'),
('nv84',N'MobileCity','038202018308');
